{"train/Loss/total": 0.6103662798563639, "train/epoch": 100, "train/Loss/giou": 0.14600712181329728, "train/Loss/l1": 0.008522192270557085, "train/Loss/location": 0.27574107509454093, "train/IoU": 0.8570127925395966, "train/LearningRate/group0": 2e-05, "train/LearningRate/group1": 2.0000000000000003e-06, "_timestamp": 1672804820.5181644, "_runtime": 145218.05028629303, "_step": 120960, "val/Loss/total": 0.8353341391185919, "val/epoch": 100, "val/Loss/giou": 0.19435393477479618, "val/Loss/l1": 0.011373391049758841, "val/Loss/location": 0.38975931610912085, "val/IoU": 0.8102836551268896, "_wandb": {"runtime": 145221}}