{"train/Loss/total": 0.61384205493927, "train/epoch": 100, "train/Loss/giou": 0.14645088922381402, "train/Loss/l1": 0.008553102159996828, "train/Loss/location": 0.2781747655371825, "train/IoU": 0.8565722382704417, "train/LearningRate/group0": 2e-05, "train/LearningRate/group1": 2.0000000000000003e-06, "_timestamp": 1672461210.9029133, "_runtime": 145157.20624041557, "_step": 120960, "val/Loss/total": 0.8129477850099405, "val/epoch": 100, "val/Loss/giou": 0.19166546545922755, "val/Loss/l1": 0.011084558034005265, "val/Loss/location": 0.3741940635939439, "val/IoU": 0.812706843217214, "_wandb": {"runtime": 145160}}