{"train/Loss/total": 0.7435287791407771, "train/epoch": 24, "train/Loss/giou": 0.17794174685867295, "train/Loss/l1": 0.010715329732176744, "train/Loss/location": 0.33406863716948365, "train/IoU": 0.8264588227205806, "train/LearningRate/group0": 0.0002, "train/LearningRate/group1": 2e-05, "_timestamp": 1672166006.5218315, "_runtime": 40098.46579861641, "_step": 28944, "val/Loss/total": 0, "val/epoch": 24, "val/Loss/giou": 0, "val/Loss/l1": 0, "val/Loss/location": 0, "val/IoU": 0}