{"train/Loss/total": 0.5007244732220968, "train/epoch": 100, "train/Loss/giou": 0.11958802946706613, "train/Loss/l1": 0.008088184052829942, "train/Loss/location": 0.2211074938237667, "train/IoU": 0.8870791674613953, "train/LearningRate/group0": 4e-05, "train/LearningRate/group1": 4.000000000000001e-06, "_timestamp": 1671224578.3293896, "_runtime": 154723.5887286663, "_step": 120960, "val/Loss/total": 0.623127102230986, "val/epoch": 100, "val/Loss/giou": 0.13782278821493188, "val/Loss/l1": 0.009441976463810231, "val/Loss/location": 0.30027164295315745, "val/IoU": 0.8690154271324476, "_wandb": {"runtime": 154733}}