{"train/Loss/total": 0.9458485042055448, "train/epoch": 2, "train/Loss/giou": 0.22897078342735766, "train/Loss/l1": 0.014887501780564586, "train/Loss/location": 0.4134694280723731, "train/IoU": 0.77877627770106, "train/LearningRate/group0": 0.0002, "train/LearningRate/group1": 2e-05, "_timestamp": 1672315193.7703152, "_runtime": 1930.7918331623077, "_step": 1392, "_wandb": {"runtime": 1948}}