{"train/Loss/total": 0.5065028036912282, "train/epoch": 100, "train/Loss/giou": 0.12086640713016192, "train/Loss/l1": 0.008344969739889106, "train/Loss/location": 0.22304514083166918, "train/IoU": 0.886359033091863, "train/LearningRate/group0": 2e-05, "train/LearningRate/group1": 2.0000000000000003e-06, "_timestamp": 1671681891.2701075, "_runtime": 148702.16678142548, "_step": 120960, "val/Loss/total": 0.6022292136400939, "val/epoch": 100, "val/Loss/giou": 0.13426702140520017, "val/Loss/l1": 0.009117339499449978, "val/Loss/location": 0.2881084744632244, "val/IoU": 0.8722915431857109, "_wandb": {"runtime": 148709}}