{"train/Loss/total": 0.679240237903595, "train/epoch": 100, "train/Loss/giou": 0.16179953909516334, "train/Loss/l1": 0.009652894135192037, "train/Loss/location": 0.30737668938438095, "train/IoU": 0.8420244768301646, "train/LearningRate/group0": 5e-06, "train/LearningRate/group1": 5.000000000000001e-07, "_timestamp": 1673402166.6664042, "_runtime": 145234.28959226608, "_step": 120960, "val/Loss/total": 0.7873211884995301, "val/epoch": 100, "val/Loss/giou": 0.18913689821958543, "val/Loss/l1": 0.01110215068096295, "val/Loss/location": 0.3535366384933392, "val/IoU": 0.815353101392587, "_wandb": {"runtime": 145237}}