{"train/Loss/total": 0.9266417040030162, "train/epoch": 2, "train/Loss/giou": 0.22500828113158544, "train/Loss/l1": 0.014577313985986015, "train/Loss/location": 0.40373857228457927, "train/IoU": 0.7827399877508482, "train/LearningRate/group0": 0.0002, "train/LearningRate/group1": 2e-05, "_timestamp": 1672313197.4413319, "_runtime": 3007.2955079078674, "_step": 2160, "_wandb": {"runtime": 3014}}